name,role,company,industry,location,linkedin_bio
John Smith,CEO,TechFlow Inc,Software,San Francisco,"CEO of B2B SaaS company focused on workflow automation"
Sarah Johnson,Head of Marketing,DataCorp,Technology,New York,"Marketing leader with 8+ years in SaaS growth"
Mike Chen,Director of Sales,CloudSync,B2B Software,Austin,"Sales director driving revenue growth in mid-market segment"
,Marketing Manager,StartupXYZ,Technology,Boston,"Digital marketing specialist for tech startups"
Emily Davis,VP of Operations,,SaaS,Seattle,"Operations executive with expertise in scaling B2B platforms"
Alex Rodriguez,Founder,InnovateLabs,Software Development,Miami,"Serial entrepreneur building AI-powered solutions"
Lisa Thompson,CTO,Enterprise Solutions,Enterprise Software,Chicago,"Technology leader with 12+ years in enterprise B2B"
David Wilson,Sales Manager,TechCorp,Technology,,
Rachel Green,Head of Growth,ScaleUp Inc,B2B SaaS,Portland,"Growth hacker focused on customer acquisition and retention"
Tom Anderson,,MegaCorp,Manufacturing,Detroit,"Business development professional in industrial sector"
Jennifer Lee,Director of Product,CloudBase,Cloud Computing,Denver,"Product leader building developer tools and APIs"
Mark Taylor,Marketing Director,FinanceFlow,Fintech,New York,"Marketing executive in financial technology space"
Amy White,CEO,,Consulting,San Francisco,"Management consultant helping B2B companies scale operations"
Chris Brown,VP Sales,TechStart,Software,Austin,"Sales leader with track record in SaaS and tech sales"
Jessica Garcia,Operations Manager,LogiTech,Technology,Seattle,
Kevin Miller,Founder,DevTools Inc,Software Development,Boston,"Building next-generation development tools for teams"
Laura Davis,Head of Business Development,Enterprise Co,B2B Services,Chicago,"BD executive focused on strategic partnerships"
Ryan Johnson,,StartupHub,Technology,Portland,"Product manager with expertise in user experience"
Michelle Wang,Director of Marketing,CloudOps,Cloud Technology,Denver,"Marketing director specializing in developer-focused products"
Steven Lee,CEO,AutoFlow,Automation Software,Miami,"Leading company that builds workflow automation for enterprises"
